{"cameraMode":{"drawMode":0,"name":"Shaded","section":"Shading Mode"},"sceneLighting":true,"audioPlay":false,"sceneViewState":{"m_AlwaysRefresh":false,"showFog":true,"showSkybox":true,"showFlares":true,"showImageEffects":true,"showParticleSystems":true,"showVisualEffectGraphs":true,"m_FxEnabled":true},"in2DMode":false,"pivot":{"x":0.4523634612560272,"y":11.438554763793946,"z":3.3693277835845949},"rotation":{"x":-0.34083905816078188,"y":0.04764138162136078,"z":-0.01734427735209465,"w":-0.9386548399925232},"size":11.511576652526856,"orthographic":false}